{
  "seen_profiles": {
    "https://www.linkedin.com/in/adithya-peddakapu/": "2025-12-19T14:17:31.1770408+05:30",
    "https://www.linkedin.com/in/aditya-goel-634941262/": "2025-12-19T19:15:18.3686521+05:30",
    "https://www.linkedin.com/in/alisha-kumari-4a7440258/": "2025-12-19T19:15:18.3710316+05:30",
    "https://www.linkedin.com/in/ama29n/": "2025-12-19T14:17:31.1799057+05:30",
    "https://www.linkedin.com/in/aman-garg-b73a811a7/": "2025-12-19T19:15:18.3908225+05:30",
    "https://www.linkedin.com/in/anupriya-uniyal/": "2025-12-19T14:17:31.1804798+05:30",
    "https://www.linkedin.com/in/anuragbansall/": "2025-12-19T19:15:18.3874899+05:30",
    "https://www.linkedin.com/in/aradhya-goel/": "2025-12-19T14:17:31.175885+05:30",
    "https://www.linkedin.com/in/aryan-6083b028b/": "2025-12-19T19:15:18.3780809+05:30",
    "https://www.linkedin.com/in/ashish-raghav-699337222/": "2025-12-19T19:15:18.3869478+05:30",
    "https://www.linkedin.com/in/ayaan-singh-b20b1b280/": "2025-12-19T14:17:31.175885+05:30",
    "https://www.linkedin.com/in/ayushkumar394/": "2025-12-19T19:15:18.3691645+05:30",
    "https://www.linkedin.com/in/deeksha-kapkoti-0665b1222/": "2025-12-19T14:17:31.1804798+05:30",
    "https://www.linkedin.com/in/dharvi-mittal-3508a520b/": "2025-12-19T14:17:31.1770408+05:30",
    "https://www.linkedin.com/in/gautamsethia7/": "2025-12-19T14:17:31.1782447+05:30",
    "https://www.linkedin.com/in/ishaangaba97/": "2025-12-19T19:15:18.3891856+05:30",
    "https://www.linkedin.com/in/manya-sharma-07062003-csestudent/": "2025-12-19T14:17:31.1764584+05:30",
    "https://www.linkedin.com/in/mitul-jain-23b249213/": "2025-12-19T14:17:31.1788068+05:30",
    "https://www.linkedin.com/in/nehal-kadyan-817818205/": "2025-12-19T19:15:18.3740981+05:30",
    "https://www.linkedin.com/in/nikita-agarwal-a940ba206/": "2025-12-19T14:17:31.1782447+05:30",
    "https://www.linkedin.com/in/prachi-bhardwaj-12b30426b/": "2025-12-19T14:17:31.1793576+05:30",
    "https://www.linkedin.com/in/priyanshu-yadav07/": "2025-12-19T14:17:31.1799057+05:30",
    "https://www.linkedin.com/in/priyeshsingh24/": "2025-12-19T14:17:31.1793576+05:30",
    "https://www.linkedin.com/in/raj-kumar9523/": "2025-12-19T19:15:18.3722727+05:30",
    "https://www.linkedin.com/in/ridhi-jolly-68a926248/": "2025-12-19T19:15:18.3698093+05:30",
    "https://www.linkedin.com/in/ritika-pandit-a64b32254/": "2025-12-19T14:17:31.1788068+05:30",
    "https://www.linkedin.com/in/riya-srivastava-063031252/": "2025-12-19T14:17:31.1799057+05:30",
    "https://www.linkedin.com/in/sarthaknsanjeev/": "2025-12-19T14:17:31.1776028+05:30",
    "https://www.linkedin.com/in/sujeet-ranjan-24517a258/": "2025-12-19T19:15:18.3703651+05:30",
    "https://www.linkedin.com/in/vikas-kumar-9822011a5/": "2025-12-19T19:15:18.3858284+05:30"
  }
}